{
  "timestamp": "2025-07-31T14:12:54.188071",
  "results": {
    "arima": {
      "mae": 31.927681683674752,
      "mse": 4868.814601496978,
      "rmse": 69.7768916009948,
      "accuracy": 0.7138479846427805
    },
    "prophet": {
      "mae": 42.96322400814945,
      "mse": 5135.543232293179,
      "rmse": 71.6627046119052,
      "accuracy": 0.5408545074371451
    },
    "exponential_smoothing": {
      "mae": 37.52029885043163,
      "mse": 4920.1710543153185,
      "rmse": 70.14393098704491,
      "accuracy": 0.620518874694242
    }
  },
  "training_samples": 4033
}